{"cameraMode":{"drawMode":0,"name":"Shaded","section":"Shading Mode"},"sceneLighting":false,"audioPlay":false,"sceneViewState":{"showFog":true,"showMaterialUpdate":false,"showSkybox":false,"showFlares":true,"showImageEffects":true,"showParticleSystems":true},"in2DMode":false,"pivot":{"x":1.8650001287460328,"y":0.06000000238418579,"z":0.004000067710876465},"rotation":{"x":0.3831699788570404,"y":0.48648524284362795,"z":-0.25049322843551638,"w":0.744157075881958},"size":0.017320500686764718,"orthographic":false}