{"cameraMode":{"drawMode":0,"name":"Shaded","section":"Shading Mode"},"sceneLighting":false,"audioPlay":false,"sceneViewState":{"showFog":true,"showMaterialUpdate":false,"showSkybox":true,"showFlares":true,"showImageEffects":true,"showParticleSystems":true},"in2DMode":false,"pivot":{"x":914.2979125976563,"y":334.94830322265627,"z":-18.9085693359375},"rotation":{"x":0.03448057919740677,"y":0.02698066085577011,"z":-0.0009312024340033531,"w":0.9990407824516296},"size":572.9483642578125,"orthographic":false}